{
  "train_losses": [
    4.7365738364536485,
    4.467237426297862,
    4.213911429022456,
    4.137629766890412,
    4.025988170710623,
    4.055254498983515,
    4.058092067454758,
    3.9646220241389027,
    3.8719658654616613,
    3.906968451873046,
    3.7154580244125444,
    3.901327544078859,
    3.764941499767979,
    3.7562355774048006,
    3.6910988836224123,
    3.698096353730303
  ],
  "val_losses": [
    5.1347423895893485,
    5.006792218893167,
    5.306154347106114,
    7.755193505511188,
    5.174042039269569,
    4.959371693982374,
    5.023937310948468,
    8.809419839174156,
    5.802230247715175,
    5.1225647814321835,
    6.119756745812077,
    6.023630582246204,
    6.22414752060935,
    7.553076723277969,
    8.753125305943842,
    8.621126200528753
  ],
  "train_metrics": [
    8.733217239379883,
    8.309082984924316,
    8.437557220458984,
    8.330221176147461,
    8.243293762207031,
    8.14656925201416,
    8.090551376342773,
    8.143980979919434,
    8.0485200881958,
    8.160623550415039,
    7.872577667236328,
    8.076820373535156,
    7.928935527801514,
    7.880661487579346,
    7.847947597503662,
    7.848837375640869
  ],
  "val_metrics": [
    5.147503852844238,
    5.019166469573975,
    5.31138801574707,
    7.728206634521484,
    5.189595699310303,
    4.975718975067139,
    5.0419020652771,
    8.846855163574219,
    5.824904918670654,
    5.141255855560303,
    6.1426167488098145,
    6.045164108276367,
    6.248307704925537,
    7.583808898925781,
    8.791265487670898,
    8.656801223754883
  ],
  "learning_rates": [
    2.5e-05,
    2.5e-05,
    1.25e-05,
    1.25e-05,
    1.25e-05,
    1.25e-05,
    1.25e-05,
    1.25e-05,
    1.25e-05,
    6.25e-06,
    6.25e-06,
    6.25e-06,
    6.25e-06,
    3.125e-06,
    3.125e-06,
    3.125e-06
  ]
}