{
  "train_losses": [
    8.583362403445774,
    5.965359343422784,
    2.50326158841451,
    2.0786407470703123,
    2.017081853283776,
    1.7172402999136183,
    1.5503813881344266,
    1.3676261830329894,
    1.255505534807841,
    1.2304407681359184,
    1.0868920034832426,
    1.0553531153996785,
    1.0013446860843234,
    0.9769741364320119,
    0.8627174037032658,
    0.7775294201903873,
    0.7104451992776659,
    0.6664083270231883,
    0.601483287413915,
    0.5340628643830617,
    0.519909451007843,
    0.4664539306693607,
    0.42519992172718046,
    0.3790110829803679,
    0.34653574539555443,
    0.28094074719482,
    0.24009758830070496,
    0.21626961171627046,
    0.20632120304637486,
    0.1892181400126881,
    0.18560620152288013,
    0.16980932383073702,
    0.16548875865009097,
    0.15668506241507,
    0.1494041754470931,
    0.15513229731056424,
    0.14361444706304205,
    0.14100254772437942,
    0.13483111461003622,
    0.13093251753184532,
    0.10501118703020944,
    0.09742857259180811,
    0.09606437748091089,
    0.09034222110278077,
    0.08997831903398038,
    0.08306140980165866,
    0.07279520629387763,
    0.07372691030303637,
    0.07231217657940256,
    0.07326100482398437
  ],
  "val_losses": [
    4.482870152122096,
    1.8021361221346939,
    1.423848173074555,
    1.3176114496431852,
    1.390397896892146,
    1.2233170647370188,
    1.320753902719732,
    1.2582732815491526,
    1.1422188532979864,
    1.1020948913013726,
    1.1432350476582844,
    1.1113887042330022,
    1.1573634670491804,
    1.0521393742477685,
    1.163265023315162,
    1.0776515874946326,
    1.2287198346957826,
    1.6460837219890796,
    1.2878054526814244,
    1.3049226643746359,
    1.283515361317417,
    1.3685518215622818,
    1.3479989432452018,
    1.4948387794327318,
    1.7518236982195001,
    1.5934125216383683,
    1.6812807332005417,
    1.7368777823029904,
    1.675271317624209,
    1.9142943704337405,
    1.9027213579729985,
    1.8070091793411656,
    1.7857776263303924,
    2.0221085119665716,
    1.9710160744817633,
    2.2408832886762786,
    2.369046606515583,
    2.2069712563564905,
    2.175736195162723,
    2.077820148384362,
    2.2858550799520394,
    2.323619290402061,
    2.510117491086324,
    2.3844764985536275,
    2.305157782738669,
    2.6182478812702916,
    2.4041768312454224,
    2.571927875803228,
    2.6046628868370725,
    2.4886888014642814
  ],
  "train_metrics": [
    21.06656449197116,
    33.57483715907903,
    40.83736807272981,
    47.65752899787523,
    50.322198613675155,
    53.282942631230625,
    55.63760493225121,
    58.40328816747361,
    60.51412449057787,
    62.255738618551675,
    64.43275627851894,
    65.53693963565432,
    67.26462085060435,
    68.96443623950678,
    71.07178933435507,
    72.83081960360863,
    74.53760144902296,
    76.66585391340695,
    78.40746804138075,
    80.36504232122331,
    82.03002542756627,
    83.58354522971891,
    85.38437423804382,
    85.95562367201923,
    87.67633843045735,
    89.87077223170435,
    91.3093455014107,
    92.21846807621303,
    92.64342192343864,
    93.13107387927131,
    93.54906126998502,
    93.69535685673482,
    94.21087463861507,
    94.35717022536487,
    94.55919746420983,
    94.61492911630499,
    94.99808422445923,
    95.14089658295308,
    95.31157476749452,
    95.30112508272667,
    96.210247657529,
    96.62823504824271,
    96.76756417848061,
    96.69789961336167,
    96.7814970915044,
    97.07060503674806,
    97.42589431885472,
    97.42241109059877,
    97.47814274269393,
    97.53039116653315
  ],
  "val_metrics": [
    32.86430760657565,
    50.250766230147676,
    52.88381164669824,
    53.84508219559766,
    57.132906101978264,
    60.072443577598214,
    63.88966285873502,
    63.84786848704375,
    65.71468375592087,
    67.30286988018946,
    66.38339370298134,
    67.03817219281137,
    67.62329339648927,
    67.92978545555866,
    68.77960434661466,
    68.66815268877124,
    67.87405962663695,
    69.5458344942881,
    69.37865700752299,
    70.06129841181388,
    70.88325438840903,
    70.66035107272221,
    70.6046252438005,
    70.35385901365282,
    70.14488715519643,
    70.7578712733352,
    71.52410142100864,
    70.84146001671775,
    71.09222624686542,
    71.77486765115631,
    71.27333519086096,
    71.10615770409585,
    71.95597659515185,
    70.40958484257453,
    71.32906101978267,
    72.23460573976038,
    70.71607690164392,
    71.53803287823906,
    71.88631930899972,
    71.56589579269992,
    72.49930342713849,
    71.74700473669546,
    71.70521036500418,
    71.91418222346057,
    72.49930342713849,
    72.23460573976038,
    72.61075508498189,
    72.91724714405127,
    72.65254945667317,
    72.81972694343828
  ],
  "learning_rates": [
    0.0001,
    0.0001,
    0.0001,
    0.0001,
    0.0001,
    0.0001,
    0.0001,
    0.0001,
    0.0001,
    0.0001,
    0.0001,
    0.0001,
    0.0001,
    0.0001,
    0.0001,
    0.0001,
    0.0001,
    0.0001,
    0.0001,
    0.0001,
    0.0001,
    0.0001,
    0.0001,
    0.0001,
    5e-05,
    5e-05,
    5e-05,
    5e-05,
    5e-05,
    5e-05,
    5e-05,
    5e-05,
    5e-05,
    5e-05,
    5e-05,
    5e-05,
    5e-05,
    5e-05,
    5e-05,
    2.5e-05,
    2.5e-05,
    2.5e-05,
    2.5e-05,
    2.5e-05,
    1.25e-05,
    1.25e-05,
    1.25e-05,
    1.25e-05,
    1.25e-05,
    1.25e-05
  ]
}